child_lcsh_id,parent_lcsh_id
sh2009006799,sh2020000052
sh85004336,sh85140372
sh85006306,sh85119961
sh85006314,sh92005350
sh85006314,sh85090516
sh85006314,sh92006288
sh85006333,sh85006314
sh85008742,sh85065698
sh85008742,sh85011526
sh85008742,sh85013560
sh85008742,sh85064932
sh85010772,sh85036481
sh92005509,sh85015918
sh92005509,sh85030761
sh92005509,sh85130598
sh85017454,sh85112599
sh85018133,sh85135233
sh85022218,sh85080259
sh85024301,sh85122925
sh85025009,sh85005757
sh85025009,sh85013580
sh85134665,sh85025219
sh85035731,sh85117963
sh85040106,sh85054438
sh85040468,sh92004048
sh85040468,sh89005705
sh85040605,sh85025193
sh85041367,sh98004353
sh85043413,sh85054438
sh85043929,sh85054442
sh85043777,sh85016973
sh85051829,sh85114953
sh85051865,sh89004004
sh85054365,sh85054438
sh85054411,sh85054442
sh85054380,sh89006411
sh85054413,sh85054380
sh85054723,sh85031235
sh85054723,sh85041430
sh85054723,sh85072732
sh85054723,sh85099708
sh85054723,sh85108459
sh85054723,sh85120047
sh85057151,sh85026704
sh85057151,sh85065703
sh85022551,sh85021130
sh85022551,sh85022543
sh85059867,sh85013674
sh85059867,sh85070422
sh85059867,sh85119966
sh88000222,sh85029534
sh2013000266,sh85029513
sh85068397,sh85040989
sh85100934,sh85100864
sh85074944,sh85026704
sh85074944,sh85068863
sh85080966,sh95009606
sh85081990,sh85036481
sh85081991,sh85018279
sh85081991,sh85036481
sh85090702,sh2011005559
sh85090702,sh85148550
sh85097195,sh85065695
sh85097195,sh85064932
sh85100070,sh85067921
sh85097451,sh85064932
sh85097451,sh85065698
sh85097144,sh85097126
sh85114953,sh85068863
sh85115040,sh85011205
sh85115040,sh2012000320
sh85115971,sh85123367
sh85117331,sh85065695
sh2002000569,sh2004000479
sh2002000569,sh92004914
sh2002000569,sh95000541
sh2004000479,sh88000222
sh2004000479,sh2009007899
sh85119961,sh85002020
sh85122803,sh85065698
sh85123361,sh85065703
sh85126261,sh85114953
sh85126268,sh92005334
sh85139700,sh85080966
sh97003561,sh85029535
sh97003561,sh2012003486
sh97003561,sh96004653
sh95000541,sh88002671
sh95000541,sh92002381
sh85149236,sh85013182
sh85149236,sh85073531
sh85149236,sh85091879
sh85036481,sh85135657
sh85000405,sh85107253
sh85000411,sh85018260
sh85125404,sh85143117
sh85125404,sh85145789
sh85039329,sh85034149
sh85000744,sh85008276
sh85000744,sh85044098
sh00005896,sh99005040
sh85000913,sh85108696
sh85000969,sh85108459
sh85001028,sh85040989
sh85001086,sh85018260
sh85001086,sh85029077
sh85001086,sh85065926
sh85001086,sh85113295
sh85001295,sh85040316
sh85001295,sh85049376
sh85001295,sh85053291
sh85001295,sh85103619
sh85001319,sh85029044
sh95007821,sh85001319
sh95007821,sh85008947
sh95007821,sh85043176
sh85001441,sh85100849
sh85029049,sh85002415
sh85002427,sh85074350
sh85002310,sh85133121
sh85002313,sh85014134
sh85002313,sh85043176
sh85002298,sh85031469
sh85002484,sh85040837
sh86001792,sh85014263
sh85002415,sh85065826
sh85002415,sh85076841
sh85002307,sh90003962
sh85002307,sh85040752
sh85084356,sh85014127
sh91006254,sh85002415
sh85003425,sh85082139
sh85054140,sh85054133
sh85003487,sh85003425
sh85003487,sh85007169
sh85004972,sh85130766
sh85023011,sh85022986
sh85004835,sh85014203
sh85005167,sh85005162
sh85005172,sh85040752
sh91006269,sh85005172
sh91006269,sh91006274
sh91006269,sh85101679
sh85005190,sh85053877
sh85005169,sh85149996
sh85087348,sh85087347
sh85005291,sh85026014
sh85005579,sh85118696
sh85005581,sh85124003
sh2003004295,sh85005581
sh89003038,sh85005581
sh85005588,sh85101512
sh98004527,sh90001980
sh85006167,sh85005581
sh96009482,sh85040752
sh85006168,sh85077222
sh85108472,sh85108459
sh85006231,sh85006246
sh85006231,sh85014203
sh85006232,sh85006231
sh85006232,sh85040752
sh85006246,sh85118553
sh85006517,sh85006509
sh85006517,sh85007488
sh85006507,sh85005581
sh85006507,sh85010480
sh85006507,sh85061212
sh85006611,sh85007461
sh85006988,sh85040989
sh85006988,sh85113021
sh85007163,sh85082139
sh85007163,sh85120387
sh85119004,sh85007461
sh85008180,sh85014250
sh85008180,sh88006179
sh85008180,sh85037973
sh85008180,sh85042288
sh85008180,sh85078122
sh85008180,sh85079341
sh85008180,sh85119773
sh85008180,sh85122767
sh85033827,sh85007461
sh85033827,sh85064466
sh85033827,sh85066719
sh85033827,sh85077507
sh85008324,sh85062913
sh90004216,sh85014203
sh85033157,sh85022986
sh85033157,sh85125953
sh85008942,sh85009024
sh85009003,sh89005705
sh85009032,sh85009003
sh85009032,sh85033150
sh85009032,sh85101653
sh85009289,sh2018002590
sh2018002590,sh85040468
sh85009391,sh85006096
sh85009391,sh85007409
sh85009391,sh85041141
sh85009391,sh85083497
sh85009391,sh85108459
sh85009391,sh85134988
sh85010164,sh85010157
sh85010164,sh85082771
sh90002778,sh85137072
sh85010864,sh85084783
sh85011312,sh85101653
sh85013838,sh85038731
sh85013838,sh96008049
sh85013873,sh85013838
sh2012003227,sh2018002256
sh85014119,sh85125363
sh85014171,sh85014203
sh85014171,sh85022986
sh85014171,sh85083022
sh85014127,sh85027044
sh85014127,sh85040752
sh85014134,sh85014203
sh85014134,sh85043176
sh85014136,sh85118616
sh85014147,sh85014203
sh85014147,sh85053986
sh00003585,sh85014206
sh00003585,sh85066150
sh85101512,sh85005581
sh85014203,sh85076841
sh85014236,sh85014253
sh85014236,sh85082767
sh85014237,sh85014134
sh85014237,sh85014253
sh85014237,sh85043176
sh85014237,sh85083064
sh2010013493,sh85006509
sh2010013493,sh85014171
sh85014253,sh85014203
sh85014253,sh85083022
sh85014253,sh85101653
sh85097152,sh85097123
sh85014263,sh85022900
sh99002613,sh85101206
sh2016002790,sh90005677
sh2016002790,sh88000865
sh85015976,sh85014203
sh85015976,sh85090222
sh2009007945,sh85128566
sh85017004,sh85029044
sh85017004,sh99004266
sh85017004,sh85133270
sh85018260,sh85040850
sh85018260,sh85080336
sh85018802,sh85082116
sh85018809,sh85082365
sh85019430,sh85040752
sh87002642,sh85019512
sh87002642,sh85019547
sh85019646,sh85075119
sh85020211,sh85083023
sh85020211,sh85101610
sh85020435,sh85017693
sh85020435,sh85080653
sh91002611,sh85040752
sh85022900,sh85043176
sh85023029,sh85022986
sh85023029,sh85133147
sh2003001403,sh2003006495
sh2003001403,sh85066150
sh85022986,sh89005705
sh2005000482,sh85023011
sh2005000482,sh2005000963
sh2005000482,sh2005000964
sh2001002085,sh85023357
sh85023396,sh85047060
sh85023396,sh85108846
sh85023396,sh85124089
sh85023396,sh85124112
sh85023380,sh85023357
sh85023380,sh85037359
sh85025406,sh85010480
sh85025619,sh85061212
sh85025650,sh85037397
sh85025650,sh85077732
sh85025650,sh85088819
sh85026014,sh85101302
sh85026014,sh85101206
sh85026371,sh85031329
sh85026371,sh85026379
sh85026338,sh85043249
sh85026331,sh85043176
sh99000303,sh85040752
sh85027044,sh2018002590
sh85027063,sh85023380
sh85027063,sh85027067
sh85037496,sh85037489
sh85037496,sh85098685
sh85027067,sh85108381
sh85027067,sh85108472
sh2008004883,sh85042293
sh85027299,sh85101517
sh85027742,sh85108459
sh87007652,sh88006179
sh87007652,sh85108459
sh88006179,sh85118553
sh85028802,sh85003425
sh85028802,sh85082116
sh85028940,sh85075119
sh85029027,sh85124200
sh85029301,sh85061192
sh85077534,sh85100821
sh85112599,sh85026423
sh2020006312,sh85022986
sh85077224,sh85006168
sh85029552,sh98003200
sh85029552,sh85035046
sh85029552,sh85079341
sh85029511,sh85088762
sh85029512,sh85029513
sh85029524,sh85079331
sh85029524,sh85029534
sh85107310,sh85042288
sh89003285,sh85118553
sh85029497,sh85043249
sh85029623,sh85000258
sh85029623,sh85072732
sh85029623,sh85099708
sh85029623,sh85108459
sh85030765,sh85077404
sh85030765,sh85082246
sh85030765,sh85124647
sh88001138,sh85027742
sh95000524,sh85040752
sh85031326,sh85061212
sh85031329,sh85108696
sh85031496,sh87006429
sh85031576,sh85041516
sh85031576,sh85082768
sh85031684,sh85100849
sh85032203,sh85040850
sh85032912,sh85028940
sh85033150,sh85101653
sh85033150,sh85125953
sh85033167,sh85033169
sh85033169,sh85009003
sh85033169,sh85036505
sh85033169,sh85084286
sh85033421,sh85060103
sh85033421,sh85108472
sh85033847,sh85010030
sh85033847,sh85033827
sh85034032,sh85005588
sh85034049,sh85071120
sh85034058,sh85103429
sh85034058,sh85108696
sh89002994,sh85124003
sh85034122,sh85080336
sh85034122,sh85107109
sh85034498,sh89005705
sh85034748,sh85034755
sh85034748,sh85067165
sh85034748,sh85104904
sh85034969,sh85048270
sh85035046,sh85031658
sh85035046,sh85042383
sh85035046,sh85131743
sh85035170,sh85130976
sh85035240,sh85014203
sh85035659,sh85004709
sh85035659,sh85099818
sh85035852,sh85035848
sh97002073,sh86007858
sh85035859,sh85042288
sh2018002256,sh85079331
sh2018002256,sh97001717
sh85035862,sh85042288
sh85035862,sh85048195
sh85037972,sh85037976
sh85037972,sh85109042
sh85037972,sh85133270
sh86007767,sh85079331
sh86007767,sh97001717
sh86006549,sh85080359
sh86006549,sh89005491
sh2008009697,sh95000541
sh85036659,sh85124003
sh85036862,sh85036863
sh85036953,sh85083064
sh85037000,sh85040146
sh85037000,sh85086410
sh85037197,sh85033827
sh85037352,sh85014203
sh85037359,sh85037358
sh85037359,sh85108459
sh85037878,sh85108459
sh2004000803,sh85070736
sh98006600,sh85081863
sh95004496,sh85106451
sh93003312,sh85033841
sh93003312,sh85113021
sh88004324,sh85008180
sh85101277,sh85101206
sh85039316,sh85077507
sh85039408,sh85007461
sh85039408,sh85056474
sh85039408,sh85064408
sh85039408,sh85080653
sh85053976,sh85054185
sh85040311,sh85084334
sh87007854,sh85040989
sh85040490,sh85026331
sh85040490,sh85043176
sh85040490,sh85043221
sh85040680,sh85025728
sh85040680,sh85112661
sh85040680,sh85134705
sh85040752,sh85014203
sh85040752,sh92004048
sh85040766,sh85040850
sh85040766,sh85045198
sh85054016,sh85053986
sh85054085,sh85101560
sh85040817,sh85040850
sh85040837,sh85040850
sh85040837,sh85102696
sh85107209,sh85084819
sh85107209,sh85130690
sh85040850,sh85124003
sh85011609,sh85048256
sh85011609,sh85048306
sh91006274,sh85040752
sh91006274,sh85101679
sh93001294,sh96009482
sh93001294,sh95010683
sh93001294,sh85090284
sh85040989,sh85026423
sh85041108,sh85005581
sh85041108,sh85034755
sh85041108,sh85041014
sh85041141,sh85108459
sh85041254,sh85100113
sh85041254,sh85108411
sh85041254,sh85108459
sh85041254,sh85119708
sh85041666,sh85043176
sh85042383,sh85041666
sh85042383,sh89005705
sh85043147,sh85065977
sh85043249,sh2007000310
sh85043176,sh85065826
sh85043176,sh85133147
sh85044125,sh85149983
sh85044168,sh85022986
sh85044168,sh85040752
sh93004763,sh85040850
sh85044169,sh85040989
sh85044170,sh85043176
sh95010683,sh92004048
sh95010683,sh85080336
sh92004048,sh85118553
sh96003462,sh85044173
sh96003462,sh85136331
sh96010093,sh85014171
sh85044373,sh85108638
sh85072732,sh85100849
sh85072732,sh85108459
sh85044600,sh85057508
sh85044600,sh85082129
sh85044600,sh85082702
sh85044600,sh85136920
sh85045096,sh85100849
sh85045198,sh85005581
sh85045198,sh85080292
sh85045425,sh85108459
sh85045421,sh85045198
sh85045421,sh85089048
sh85045926,sh85113021
sh85046029,sh85100849
sh90004042,sh85014203
sh90004042,sh85046029
sh85046244,sh85023027
sh85126898,sh86000064
sh85046374,sh85046376
sh85046374,sh85100683
sh85046374,sh85108411
sh85046433,sh85072732
sh85046433,sh85100849
sh85046433,sh85108459
sh85046433,sh85111773
sh85108474,sh85108467
sh85046453,sh85072732
sh85046823,sh85046856
sh85046823,sh85065835
sh85047057,sh85083064
sh85047061,sh85047013
sh85047061,sh85057493
sh85047061,sh85081466
sh93006951,sh85005581
sh85047760,sh85047741
sh85047760,sh85108516
sh85047932,sh85035979
sh85047932,sh85080593
sh85048050,sh85077507
sh85048256,sh85040850
sh85101269,sh85007461
sh85048479,sh85040752
sh85048800,sh85048793
sh2005020061,sh85006246
sh85048666,sh85006210
sh85048666,sh96005610
sh85049342,sh85015992
sh85049383,sh85031576
sh85050104,sh85045198
sh85050104,sh85080593
sh85050150,sh85050104
sh2018000786,sh85022900
sh85050537,sh90001487
sh85050537,sh85005581
sh2021003625,sh90001487
sh2021003625,sh85050707
sh90001487,sh85118553
sh85050567,sh85090284
sh85050575,sh85040752
sh85063461,sh85063458
sh85050707,sh85002415
sh85050707,sh85090254
sh85050802,sh85050812
sh85050802,sh85074518
sh85050802,sh85079341
sh85051943,sh85006231
sh85051944,sh85006232
sh85052162,sh85053089
sh85052162,sh85062204
sh85052312,sh85018809
sh85006028,sh85112735
sh85006028,sh85134665
sh85053291,sh85049376
sh85053291,sh85134783
sh85053479,sh85067347
sh85053712,sh85036229
sh85053853,sh85059536
sh85053877,sh85014203
sh85053877,sh85042722
sh85053877,sh85083538
sh2002000809,sh85086586
sh85053960,sh85022986
sh85053960,sh85040468
sh85053969,sh85054185
sh2015002292,sh89003285
sh2015002292,sh2015003033
sh85054037,sh85040468
sh85054037,sh85090222
sh85078856,sh88000316
sh85054133,sh85082139
sh85054165,sh85101552
sh85054185,sh85040468
sh85054185,sh85101653
sh2013000289,sh85043221
sh85054271,sh85090254
sh85054271,sh85105992
sh85054724,sh85108516
sh85055077,sh85054037
sh85055077,sh85063458
sh85055284,sh85037923
sh85055284,sh85052356
sh85055284,sh85054140
sh85148199,sh85108638
sh99010179,sh85067435
sh85055892,sh85018260
sh85055892,sh85067082
sh85056099,sh85109163
sh85056471,sh85028802
sh85056471,sh85136089
sh85056474,sh85007461
sh85056474,sh85143917
sh85057493,sh85108516
sh85058092,sh85083064
sh91001894,sh85090284
sh85058192,sh85068457
sh85058192,sh85068461
sh85058939,sh85011437
sh85058939,sh85018802
sh85058939,sh85082116
sh85058939,sh85082139
sh85059518,sh85083064
sh85059518,sh85101679
sh00005607,sh2001008792
sh89005069,sh85066150
sh89005069,sh85083074
sh85083002,sh85118622
sh85083002,sh85123985
sh86007745,sh85027067
sh86007745,sh85083185
sh85009496,sh85059612
sh85009496,sh85099708
sh85060075,sh85149983
sh85060103,sh85062839
sh85060103,sh85067484
sh85060130,sh85067347
sh88007874,sh85060196
sh88007874,sh85113620
sh85060464,sh85149983
sh85061084,sh85004835
sh85061091,sh85118236
sh2020008754,sh89003980
sh85061211,sh85010030
sh85077519,sh85034149
sh85077519,sh85129379
sh85061308,sh85004709
sh85061308,sh85028263
sh85061308,sh85075925
sh85061308,sh85103365
sh85061308,sh85111945
sh85061673,sh85047054
sh85061673,sh85061657
sh85062868,sh90004042
sh85062868,sh85101512
sh88006552,sh85038376
sh88006552,sh85101017
sh85062204,sh85002415
sh85062839,sh85062843
sh85062839,sh85101512
sh85062839,sh85108459
sh85062839,sh85124003
sh85062843,sh85014203
sh85062856,sh85040752
sh85005570,sh85005581
sh85005570,sh85053986
sh85062884,sh85062843
sh85062884,sh85083022
sh85062884,sh85101679
sh85100143,sh85080336
sh85100143,sh85108611
sh85062913,sh85075529
sh88003229,sh85062867
sh85063305,sh85043176
sh85063305,sh85049383
sh85145539,sh85053960
sh85145539,sh85063458
sh85063439,sh85054037
sh85063439,sh85063458
sh85063443,sh85006246
sh85063443,sh85090425
sh85063326,sh85101564
sh85064050,sh85149983
sh85064120,sh85072732
sh85064120,sh85100849
sh99001255,sh99001272
sh86002614,sh85064579
sh85108476,sh85065864
sh85108476,sh85100143
sh85108476,sh85108472
sh85037199,sh85037197
sh85065864,sh85043176
sh97001369,sh85065960
sh85065909,sh85084819
sh87002293,sh85133147
sh87002293,sh89005491
sh85066147,sh85080336
sh2021005721,sh85066147
sh2021005721,sh85107027
sh85066148,sh85038731
sh85066148,sh85066150
sh85066150,sh85029027
sh85066163,sh98003200
sh85066163,sh97001717
sh85023017,sh85022986
sh85066745,sh85040850
sh85067088,sh85052317
sh85067167,sh85067082
sh85062836,sh85025083
sh85067222,sh85029027
sh85067222,sh85034755
sh85067347,sh85083064
sh85029042,sh85029027
sh85067395,sh85040837
sh85067395,sh85067435
sh85067417,sh85075119
sh85119471,sh85067435
sh87004890,sh85028901
sh87004890,sh85067395
sh94007902,sh85029513
sh85068296,sh85002313
sh85068296,sh85063305
sh85069833,sh85001968
sh85069833,sh85088762
sh85070643,sh85020430
sh85070643,sh85148029
sh85070736,sh85077507
sh85070736,sh85108869
sh85070788,sh85009793
sh85071077,sh85029335
sh85071077,sh85075119
sh85071895,sh85081156
sh85073687,sh85040850
sh95006396,sh85090284
sh95006396,sh85145542
sh90002545,sh85040752
sh85074518,sh85005581
sh85074518,sh85029027
sh85074518,sh85045198
sh85074518,sh85066289
sh85074518,sh85082693
sh85074518,sh85100821
sh95009376,sh85040850
sh95009376,sh85071088
sh85075351,sh85100163
sh85075480,sh85000155
sh85075520,sh85029421
sh85075520,sh85040989
sh85075292,sh85005581
sh85075292,sh85045195
sh85075141,sh85108472
sh85076841,sh85118553
sh85076844,sh85000155
sh85076844,sh85123970
sh85077053,sh85006246
sh2013002090,sh96000740
sh2013002090,sh2002000569
sh85077455,sh85042288
sh85077455,sh85048195
sh85077455,sh85125332
sh85029406,sh85074546
sh85034149,sh85077507
sh85034149,sh85113628
sh85077509,sh85001441
sh85077507,sh85100821
sh2011000728,sh85040430
sh2011000728,sh85040438
sh85078106,sh85067157
sh85078106,sh85100849
sh85078106,sh85108459
sh85078106,sh85118577
sh85078128,sh85085132
sh85079324,sh85008180
sh85079324,sh85079341
sh85079443,sh85040850
sh85079784,sh85049376
sh85079931,sh85079930
sh96010388,sh85149983
sh85080363,sh85080336
sh85080363,sh85107109
sh85081138,sh85006231
sh85081138,sh85081263
sh91005227,sh91002611
sh91005227,sh85081156
sh85081156,sh85006232
sh85081193,sh85054185
sh85081193,sh85093880
sh85081193,sh85129495
sh98000806,sh96010388
sh98000806,sh85081138
sh85081307,sh85005581
sh85081307,sh85045198
sh85081333,sh85065889
sh85081339,sh85018306
sh2006007647,sh85080664
sh2006007647,sh85107212
sh85081863,sh85029027
sh85082094,sh89005705
sh85082119,sh85005581
sh85082119,sh85005583
sh85014235,sh85014203
sh85014235,sh85082139
sh85082122,sh85006168
sh85082122,sh85066289
sh85082122,sh85077222
sh85003435,sh85078115
sh85082139,sh85118553
sh85082757,sh85043176
sh85082767,sh85101653
sh93001518,sh85082757
sh93001518,sh85084822
sh96010160,sh00007046
sh85082846,sh85030958
sh85082859,sh85005581
sh85037489,sh85083129
sh85037507,sh85037498
sh85037507,sh85064474
sh85082955,sh90001487
sh85082955,sh85083064
sh85082974,sh85083022
sh85082974,sh85084783
sh85083001,sh85014253
sh85083001,sh85101653
sh85083022,sh85076841
sh85134723,sh85083129
sh85083064,sh85062843
sh85083064,sh85076841
sh96000740,sh99001059
sh85084158,sh85096330
sh85084286,sh85100849
sh85084334,sh2018002590
sh2001008470,sh85118553
sh85084783,sh85014203
sh85084819,sh85040850
sh85084822,sh85042383
sh85084822,sh2001012575
sh85084822,sh85119903
sh85084862,sh85084334
sh85001371,sh85085132
sh85085207,sh85061211
sh85085207,sh85061212
sh85085264,sh85085207
sh85085264,sh85124228
sh85085264,sh85145114
sh85128514,sh85085132
sh85085589,sh85101560
sh85085712,sh85043176
sh85086422,sh85026864
sh85086422,sh85119004
sh85061236,sh85148201
sh85086577,sh85014171
sh85086577,sh85014253
sh2003004725,sh85086577
sh85087347,sh85004837
sh85087350,sh85087341
sh85087350,sh85101049
sh85088079,sh85134578
sh85088722,sh2021008605
sh85097089,sh85088762
sh85064678,sh85088806
sh85089188,sh85015976
sh85089188,sh85084783
sh2002000242,sh85118553
sh2017004703,sh2009116228
sh2017004703,sh85077224
sh88002425,sh85008180
sh88002425,sh85042288
sh88002425,sh88003229
sh88002425,sh2009007899
sh85090284,sh85031255
sh85090425,sh85077989
sh85090425,sh85095629
sh85091113,sh85004835
sh85091113,sh85091114
sh85091114,sh91006099
sh2005008805,sh91005166
sh2005008805,sh85040850
sh85091118,sh85043068
sh85091118,sh85091139
sh2021003848,sh85005162
sh2021003848,sh85091114
sh85091139,sh85083064
sh85091159,sh85091114
sh85091159,sh85101679
sh85091163,sh85091159
sh85091163,sh85108484
sh91006099,sh85083022
sh85092349,sh85082133
sh85082118,sh85086421
sh85092368,sh85029027
sh85092968,sh85043176
sh85092968,sh85093024
sh85093024,sh85101653
sh85093222,sh85003425
sh85093349,sh85082982
sh85093362,sh85020252
sh85093362,sh85083064
sh85093654,sh85100849
sh85093768,sh85083064
sh85093850,sh91000759
sh85093850,sh85101568
sh85093850,sh85108516
sh85093850,sh85134729
sh85093882,sh2021001476
sh85093937,sh85040468
sh85093937,sh85081263
sh85094813,sh85074523
sh85094813,sh85094812
sh85094833,sh85100849
sh85095071,sh85083064
sh85095181,sh85101653
sh85087992,sh85063519
sh85128280,sh85083064
sh85126460,sh85047940
sh85095299,sh85074518
sh85095299,sh85113628
sh85095299,sh85126460
sh85023022,sh85022986
sh85095524,sh85080336
sh85095524,sh85095521
sh85095524,sh85108476
sh85095524,sh85123994
sh91002392,sh85124200
sh86004134,sh85023022
sh85095726,sh85149983
sh85095770,sh85036953
sh85095770,sh85095799
sh85096050,sh85083064
sh85097061,sh85101552
sh2001004516,sh85005586
sh2001004516,sh85097123
sh2001004516,sh85101512
sh85097024,sh85014203
sh85097024,sh85097123
sh85097026,sh85015976
sh85097026,sh85097123
sh85097123,sh85061190
sh85097123,sh85149983
sh85097270,sh85015976
sh85097270,sh85097026
sh85097826,sh95008935
sh85097922,sh85014203
sh85025778,sh85134705
sh85098604,sh85025778
sh85098685,sh85083022
sh85099163,sh85093362
sh85023483,sh85023443
sh85099185,sh85083064
sh85099708,sh85027742
sh85099818,sh85008324
sh85099922,sh85036953
sh85100427,sh85085712
sh85100472,sh85101560
sh85100596,sh85039719
sh85100596,sh85082055
sh85100596,sh85100603
sh85100599,sh85083022
sh85100603,sh85022986
sh85100603,sh85083064
sh85100623,sh85014241
sh85102793,sh85014189
sh85102793,sh85100673
sh85102793,sh85142524
sh85100845,sh85026429
sh85100845,sh85076807
sh85100845,sh85094833
sh85100849,sh85062913
sh2002006356,sh99005065
sh89004340,sh85100849
sh85101053,sh85077222
sh85001264,sh85054037
sh85101288,sh85101274
sh85101288,sh85070736
sh85003477,sh85015976
sh85023027,sh85022986
sh85101517,sh85040989
sh85101552,sh85053986
sh85101560,sh85054037
sh91000759,sh85112401
sh2021001476,sh85093937
sh89005705,sh85118553
sh85101653,sh89005705
sh85101679,sh85014203
sh85101568,sh85083159
sh85101568,sh85134729
sh85015961,sh85014171
sh85015961,sh85015976
sh85101689,sh85014147
sh85101689,sh85015976
sh85101720,sh2003004721
sh85101722,sh85072117
sh85101747,sh85101788
sh88000316,sh85009003
sh88000316,sh85054037
sh85102652,sh85124544
sh85102696,sh85033827
sh85102696,sh85046278
sh85102696,sh85080336
sh85102696,sh85095521
sh85015978,sh85004835
sh85015978,sh85015976
sh85102720,sh85090284
sh85102720,sh85103025
sh85015985,sh85015976
sh85015985,sh85040752
sh88005635,sh91006274
sh88005635,sh85015985
sh88005635,sh85102796
sh85102745,sh85053877
sh85015992,sh85015976
sh85015992,sh85087347
sh85102732,sh85002385
sh85102796,sh85101679
sh85103704,sh85077507
sh85104345,sh85045198
sh85104345,sh85104440
sh85054025,sh85005570
sh85104425,sh85104440
sh85104425,sh85108459
sh85104425,sh85123994
sh85104440,sh85124003
sh85104457,sh85104440
sh85104457,sh85124200
sh85104920,sh85053877
sh85104920,sh85060367
sh85106058,sh85053766
sh85106058,sh85074574
sh85106058,sh85078115
sh85106058,sh85119877
sh85041077,sh87007854
sh85030965,sh85075119
sh85107212,sh85065864
sh85107212,sh85082757
sh85123160,sh90004091
sh85028378,sh85132964
sh85107313,sh85042288
sh85107313,sh85074581
sh85107319,sh85040989
sh85107319,sh85041014
sh85065919,sh85080336
sh85107437,sh85078115
sh85107496,sh85040850
sh85107552,sh85074545
sh85107552,sh85078106
sh86007375,sh85014120
sh86007375,sh85053855
sh85108376,sh85124049
sh85108381,sh85083185
sh85108410,sh85108501
sh85108410,sh85125363
sh85108411,sh85108459
sh85108427,sh85027067
sh85108427,sh85090925
sh85108427,sh85108448
sh85108432,sh85077222
sh85108432,sh85108459
sh85108459,sh85062843
sh85108459,sh85100849
sh85108459,sh85125350
sh85108485,sh85108487
sh85108485,sh85112549
sh85108490,sh85108448
sh85108490,sh85108464
sh85108490,sh85117919
sh86001417,sh85091127
sh85108479,sh85091139
sh85108498,sh85023041
sh85108498,sh85100599
sh85108484,sh85101679
sh85108484,sh85108425
sh85108516,sh85083651
sh85108611,sh85104440
sh85108638,sh85059518
sh85108638,sh87006649
sh85108696,sh85075119
sh2004003366,sh85029027
sh85108871,sh85015617
sh98001235,sh85072732
sh98001235,sh89004340
sh2021005718,sh85089048
sh95001341,sh85040999
sh85110385,sh85029044
sh85110385,sh85133270
sh85110774,sh85101653
sh85110872,sh85137069
sh85111355,sh85107090
sh85111355,sh85142090
sh85111357,sh85128181
sh85111362,sh93001294
sh85111362,sh2001000588
sh2001000752,sh2020000052
sh2001000752,sh85107813
sh85111662,sh85074546
sh85111945,sh85080593
sh92000704,sh85079324
sh92000704,sh85112459
sh94003448,sh85046441
sh85112953,sh85014203
sh85112953,sh85076810
sh85112953,sh85101679
sh85112953,sh85120560
sh85113628,sh85010030
sh88000877,sh85067347
sh85115899,sh85002484
sh85115899,sh85029215
sh85115899,sh85040804
sh85115899,sh85112367
sh85118622,sh85127474
sh85088064,sh85039316
sh85041082,sh85040989
sh85119634,sh85054185
sh2009007899,sh89003285
sh2009007899,sh85042288
sh2009007899,sh85119870
sh92004914,sh85008180
sh92004914,sh85066289
sh92004914,sh2009007899
sh85119870,sh85029301
sh85119870,sh85066289
sh85119870,sh85074518
sh85119870,sh85076359
sh85119870,sh85082693
sh85119950,sh85119870
sh85120145,sh85003425
sh85120145,sh85082139
sh2001004460,sh85054086
sh85120300,sh85060130
sh85120387,sh85082139
sh85120542,sh85061673
sh90004841,sh85118553
sh90004841,sh85124003
sh85052948,sh85044107
sh85052948,sh85101517
sh85122827,sh85088806
sh85123948,sh85061212
sh85123948,sh85124200
sh2006006990,sh2006007023
sh2006006990,sh87002172
sh2006006990,sh2015002635
sh2006006990,sh96008680
sh85123985,sh85123948
sh85123994,sh85062856
sh85123994,sh85108459
sh85123994,sh85123946
sh85123994,sh85124200
sh85124003,sh85026423
sh85124049,sh87006649
sh85124195,sh85074514
sh85124195,sh85077222
sh85124195,sh85124200
sh85124200,sh85124003
sh85041146,sh85124200
sh85072731,sh85029027
sh85072731,sh85072732
sh85072731,sh85108736
sh85072731,sh85124200
sh85124198,sh85071088
sh85124198,sh85124200
sh85112587,sh85124200
sh2015002635,sh85080326
sh2015002635,sh85133169
sh85029534,sh98003200
sh87007398,sh85043176
sh85029538,sh85029532
sh85124299,sh85107310
sh85124376,sh85002415
sh85124376,sh85040468
sh85124636,sh85023027
sh85125363,sh85031576
sh85125363,sh85082129
sh85125363,sh85101653
sh85125363,sh85103619
sh85125363,sh85110340
sh85125363,sh85145785
sh85096159,sh85008947
sh85096159,sh85067491
sh85096159,sh85080584
sh85125953,sh85033169
sh85125953,sh85118553
sh85046212,sh85040989
sh85126434,sh85074518
sh85126441,sh85074574
sh85126441,sh85077222
sh85126441,sh85126434
sh85126887,sh85111945
sh85126948,sh85083064
sh85126948,sh86000064
sh86000064,sh85101517
sh86000064,sh85118553
sh85127580,sh85082139
sh85128181,sh85107090
sh85054086,sh85101560
sh85128566,sh85051944
sh85129198,sh85006611
sh85129198,sh85043176
sh94008290,sh85079324
sh85018306,sh85065889
sh85018306,sh85078128
sh00000385,sh85023027
sh85130766,sh85083064
sh85130857,sh85043176
sh85130976,sh85146326
sh85131750,sh85043176
sh85131750,sh85065864
sh85131750,sh85131733
sh85132964,sh85118321
sh85133147,sh85118553
sh85133184,sh85043106
sh85133184,sh85118622
sh85133270,sh85029027
sh85133270,sh85066289
sh94009175,sh85042722
sh94009175,sh85098685
sh85034152,sh85040970
sh99001177,sh85005581
sh85134522,sh85099818
sh85039340,sh85034149
sh85134614,sh85100163
sh85134776,sh85014203
sh85136077,sh85085194
sh85136077,sh85130857
sh85136089,sh85054133
sh85136089,sh85104647
sh85136089,sh85120387
sh85136092,sh85076357
sh85028901,sh85040850
sh85136742,sh85136505
sh85136958,sh85074518
sh85136958,sh85136974
sh85137069,sh85026331
sh85137069,sh85043176
sh2002008688,sh85146326
sh85138061,sh85027048
sh85138061,sh85083064
sh85139563,sh85111790
sh85141310,sh85040850
sh85026282,sh85074348
sh85026282,sh85102696
sh85141451,sh85083064
sh85141939,sh85001441
sh85141939,sh85072732
sh85141939,sh85084286
sh85141939,sh85108459
sh87003044,sh85006232
sh85143046,sh85083064
sh85143544,sh85129122
sh85143555,sh85143613
sh85143799,sh85084783
sh93005976,sh85045198
sh85007461,sh85008324
sh85143917,sh85029027
sh85144017,sh85052162
sh85144279,sh85113021
sh2005004309,sh85063458
sh85145748,sh93001294
sh98004795,sh96009904
sh96008680,sh95000713
sh85146011,sh85084098
sh85146012,sh85050766
sh85146012,sh85080664
sh85146012,sh85084093
sh85146012,sh85119312
sh85146325,sh85090284
sh85146326,sh85040752
sh85146731,sh85031255
sh85146731,sh85090284
sh96005596,sh85090254
sh96005596,sh85149996
sh92006740,sh85133301
sh90004091,sh85080623
sh85148201,sh85061212
sh85005230,sh85006509
sh85005230,sh85015539
sh85149983,sh85014203
sh85149983,sh85090222
